<?xml version="1.0" encoding="ISO-8859-1" ?>
<link_info>
   <banner>TI ARM Linker PC v18.12.1.LTS</banner>
   <copyright>Copyright (c) 1996-2018 Texas Instruments Incorporated</copyright>
   <link_time>0x5d5ed7aa</link_time>
   <link_errors>0x0</link_errors>
   <output_file>midterm_question2.out</output_file>
   <entry_point>
      <name>_c_int00_noinit_noargs</name>
      <address>0x351</address>
   </entry_point>
   <input_file_list>
      <input_file id="fl-2">
         <path>.\</path>
         <kind>object</kind>
         <file>main.obj</file>
         <name>main.obj</name>
      </input_file>
      <input_file id="fl-3">
         <path>.\</path>
         <kind>object</kind>
         <file>system_msp432p401r.obj</file>
         <name>system_msp432p401r.obj</name>
      </input_file>
      <input_file id="fl-4">
         <path>.\ccs\</path>
         <kind>object</kind>
         <file>startup_msp432p401r_ccs.obj</file>
         <name>startup_msp432p401r_ccs.obj</name>
      </input_file>
      <input_file id="fl-e">
         <kind>object</kind>
         <file>&lt;internal&gt;</file>
         <name>&lt;internal&gt;</name>
      </input_file>
      <input_file id="fl-f">
         <path>C:\ti\simplelink_msp432p4_sdk_3_20_00_06\source\ti\devices\msp432p4xx\driverlib\ccs\</path>
         <kind>archive</kind>
         <file>msp432p4xx_driverlib.lib</file>
         <name>cs.o</name>
      </input_file>
      <input_file id="fl-10">
         <path>C:\ti\simplelink_msp432p4_sdk_3_20_00_06\source\ti\devices\msp432p4xx\driverlib\ccs\</path>
         <kind>archive</kind>
         <file>msp432p4xx_driverlib.lib</file>
         <name>gpio.o</name>
      </input_file>
      <input_file id="fl-11">
         <path>C:\ti\simplelink_msp432p4_sdk_3_20_00_06\source\ti\devices\msp432p4xx\driverlib\ccs\</path>
         <kind>archive</kind>
         <file>msp432p4xx_driverlib.lib</file>
         <name>interrupt.o</name>
      </input_file>
      <input_file id="fl-12">
         <path>C:\ti\simplelink_msp432p4_sdk_3_20_00_06\source\ti\devices\msp432p4xx\driverlib\ccs\</path>
         <kind>archive</kind>
         <file>msp432p4xx_driverlib.lib</file>
         <name>sysctl.o</name>
      </input_file>
      <input_file id="fl-13">
         <path>C:\ti\simplelink_msp432p4_sdk_3_20_00_06\source\ti\devices\msp432p4xx\driverlib\ccs\</path>
         <kind>archive</kind>
         <file>msp432p4xx_driverlib.lib</file>
         <name>sysctl_a.o</name>
      </input_file>
      <input_file id="fl-14">
         <path>C:\ti\simplelink_msp432p4_sdk_3_20_00_06\source\ti\devices\msp432p4xx\driverlib\ccs\</path>
         <kind>archive</kind>
         <file>msp432p4xx_driverlib.lib</file>
         <name>wdt_a.o</name>
      </input_file>
      <input_file id="fl-15">
         <path>C:\ti\simplelink_msp432p4_sdk_3_20_00_06\source\ti\devices\msp432p4xx\driverlib\ccs\</path>
         <kind>archive</kind>
         <file>msp432p4xx_driverlib.lib</file>
         <name>cpu.o</name>
      </input_file>
      <input_file id="fl-cb">
         <path>C:\ti\ccs901\ccs\tools\compiler\ti-cgt-arm_18.12.1.LTS\lib\</path>
         <kind>archive</kind>
         <file>rtsv7M4_T_le_v4SPD16_eabi.lib</file>
         <name>copy_zero_init.c.obj</name>
      </input_file>
      <input_file id="fl-cc">
         <path>C:\ti\ccs901\ccs\tools\compiler\ti-cgt-arm_18.12.1.LTS\lib\</path>
         <kind>archive</kind>
         <file>rtsv7M4_T_le_v4SPD16_eabi.lib</file>
         <name>copy_decompress_none.c.obj</name>
      </input_file>
      <input_file id="fl-cd">
         <path>C:\ti\ccs901\ccs\tools\compiler\ti-cgt-arm_18.12.1.LTS\lib\</path>
         <kind>archive</kind>
         <file>rtsv7M4_T_le_v4SPD16_eabi.lib</file>
         <name>copy_decompress_lzss.c.obj</name>
      </input_file>
      <input_file id="fl-ce">
         <path>C:\ti\ccs901\ccs\tools\compiler\ti-cgt-arm_18.12.1.LTS\lib\</path>
         <kind>archive</kind>
         <file>rtsv7M4_T_le_v4SPD16_eabi.lib</file>
         <name>boot_cortex_m.c.obj</name>
      </input_file>
      <input_file id="fl-cf">
         <path>C:\ti\ccs901\ccs\tools\compiler\ti-cgt-arm_18.12.1.LTS\lib\</path>
         <kind>archive</kind>
         <file>rtsv7M4_T_le_v4SPD16_eabi.lib</file>
         <name>memcpy_t2.asm.obj</name>
      </input_file>
      <input_file id="fl-d0">
         <path>C:\ti\ccs901\ccs\tools\compiler\ti-cgt-arm_18.12.1.LTS\lib\</path>
         <kind>archive</kind>
         <file>rtsv7M4_T_le_v4SPD16_eabi.lib</file>
         <name>memset_t2.asm.obj</name>
      </input_file>
      <input_file id="fl-d1">
         <path>C:\ti\ccs901\ccs\tools\compiler\ti-cgt-arm_18.12.1.LTS\lib\</path>
         <kind>archive</kind>
         <file>rtsv7M4_T_le_v4SPD16_eabi.lib</file>
         <name>autoinit.c.obj</name>
      </input_file>
      <input_file id="fl-d2">
         <path>C:\ti\ccs901\ccs\tools\compiler\ti-cgt-arm_18.12.1.LTS\lib\</path>
         <kind>archive</kind>
         <file>rtsv7M4_T_le_v4SPD16_eabi.lib</file>
         <name>pre_init.c.obj</name>
      </input_file>
      <input_file id="fl-d3">
         <path>C:\ti\ccs901\ccs\tools\compiler\ti-cgt-arm_18.12.1.LTS\lib\</path>
         <kind>archive</kind>
         <file>rtsv7M4_T_le_v4SPD16_eabi.lib</file>
         <name>cpy_tbl.c.obj</name>
      </input_file>
      <input_file id="fl-d4">
         <path>C:\ti\ccs901\ccs\tools\compiler\ti-cgt-arm_18.12.1.LTS\lib\</path>
         <kind>archive</kind>
         <file>rtsv7M4_T_le_v4SPD16_eabi.lib</file>
         <name>exit.c.obj</name>
      </input_file>
      <input_file id="fl-d5">
         <path>C:\ti\ccs901\ccs\tools\compiler\ti-cgt-arm_18.12.1.LTS\lib\</path>
         <kind>archive</kind>
         <file>rtsv7M4_T_le_v4SPD16_eabi.lib</file>
         <name>_lock.c.obj</name>
      </input_file>
      <input_file id="fl-d6">
         <path>C:\ti\ccs901\ccs\tools\compiler\ti-cgt-arm_18.12.1.LTS\lib\</path>
         <kind>archive</kind>
         <file>rtsv7M4_T_le_v4SPD16_eabi.lib</file>
         <name>args_main.c.obj</name>
      </input_file>
   </input_file_list>
   <object_component_list>
      <object_component id="oc-23">
         <name>.intvecs:retain</name>
         <load_address>0x0</load_address>
         <run_address>0x0</run_address>
         <size>0xe4</size>
         <input_file_ref idref="fl-4"/>
      </object_component>
      <object_component id="oc-cd">
         <name>.text:CS_initClockSignal</name>
         <load_address>0xe4</load_address>
         <run_address>0xe4</run_address>
         <size>0x130</size>
         <input_file_ref idref="fl-f"/>
      </object_component>
      <object_component id="oc-a8">
         <name>.text:SystemInit</name>
         <load_address>0x214</load_address>
         <run_address>0x214</run_address>
         <size>0x78</size>
         <input_file_ref idref="fl-3"/>
      </object_component>
      <object_component id="oc-96">
         <name>.text:main</name>
         <load_address>0x28c</load_address>
         <run_address>0x28c</run_address>
         <size>0x54</size>
         <input_file_ref idref="fl-2"/>
      </object_component>
      <object_component id="oc-df">
         <name>.text:GPIO_setAsOutputPin</name>
         <load_address>0x2e0</load_address>
         <run_address>0x2e0</run_address>
         <size>0x40</size>
         <input_file_ref idref="fl-10"/>
      </object_component>
      <object_component id="oc-c7">
         <name>.text:CS_setReferenceOscillatorFrequency</name>
         <load_address>0x320</load_address>
         <run_address>0x320</run_address>
         <size>0x30</size>
         <input_file_ref idref="fl-f"/>
      </object_component>
      <object_component id="oc-4c">
         <name>.text:_c_int00_noinit_noargs:_c_int00_noinit_noargs</name>
         <load_address>0x350</load_address>
         <run_address>0x350</run_address>
         <size>0x2c</size>
         <input_file_ref idref="fl-ce"/>
      </object_component>
      <object_component id="oc-fd">
         <name>.text:GPIO_setOutputHighOnPin</name>
         <load_address>0x37c</load_address>
         <run_address>0x37c</run_address>
         <size>0x28</size>
         <input_file_ref idref="fl-10"/>
      </object_component>
      <object_component id="oc-e5">
         <name>.text:GPIO_setOutputLowOnPin</name>
         <load_address>0x3a4</load_address>
         <run_address>0x3a4</run_address>
         <size>0x28</size>
         <input_file_ref idref="fl-10"/>
      </object_component>
      <object_component id="oc-d9">
         <name>.text:SysCtl_setWDTTimeoutResetType</name>
         <load_address>0x3cc</load_address>
         <run_address>0x3cc</run_address>
         <size>0x28</size>
         <input_file_ref idref="fl-12"/>
      </object_component>
      <object_component id="oc-f1">
         <name>.text:WDT_A_startTimer</name>
         <load_address>0x3f4</load_address>
         <run_address>0x3f4</run_address>
         <size>0x24</size>
         <input_file_ref idref="fl-14"/>
      </object_component>
      <object_component id="oc-f7">
         <name>.text:delay</name>
         <load_address>0x418</load_address>
         <run_address>0x418</run_address>
         <size>0x22</size>
         <input_file_ref idref="fl-2"/>
      </object_component>
      <object_component id="oc-6a">
         <name>.text:Default_Handler</name>
         <load_address>0x43a</load_address>
         <run_address>0x43a</run_address>
         <size>0x2</size>
         <input_file_ref idref="fl-4"/>
      </object_component>
      <object_component id="oc-d3">
         <name>.text:WDT_A_initWatchdogTimer</name>
         <load_address>0x43c</load_address>
         <run_address>0x43c</run_address>
         <size>0x20</size>
         <input_file_ref idref="fl-14"/>
      </object_component>
      <object_component id="oc-eb">
         <name>.text:Interrupt_enableMaster</name>
         <load_address>0x45c</load_address>
         <run_address>0x45c</run_address>
         <size>0x10</size>
         <input_file_ref idref="fl-11"/>
      </object_component>
      <object_component id="oc-161">
         <name>.text:CPU_cpsie</name>
         <load_address>0x46c</load_address>
         <run_address>0x46c</run_address>
         <size>0xc</size>
         <input_file_ref idref="fl-15"/>
      </object_component>
      <object_component id="oc-64">
         <name>.text:Reset_Handler</name>
         <load_address>0x478</load_address>
         <run_address>0x478</run_address>
         <size>0xc</size>
         <input_file_ref idref="fl-4"/>
      </object_component>
      <object_component id="oc-90">
         <name>.text:_system_pre_init</name>
         <load_address>0x484</load_address>
         <run_address>0x484</run_address>
         <size>0x4</size>
         <input_file_ref idref="fl-d2"/>
      </object_component>
      <object_component id="oc-109">
         <name>.text:abort:abort</name>
         <load_address>0x488</load_address>
         <run_address>0x488</run_address>
         <size>0x4</size>
         <input_file_ref idref="fl-d4"/>
      </object_component>
      <object_component id="oc-15c">
         <name>.const:GPIO_PORT_TO_BASE</name>
         <load_address>0x48c</load_address>
         <run_address>0x48c</run_address>
         <size>0x30</size>
         <input_file_ref idref="fl-10"/>
      </object_component>
      <object_component id="oc-1dc">
         <name>.binit</name>
         <load_address>0x0</load_address>
         <run_address>0x0</run_address>
         <size>0x0</size>
      </object_component>
      <object_component id="oc-26">
         <name>.stack</name>
         <uninitialized>true</uninitialized>
         <run_address>0x2000fe00</run_address>
         <size>0x4</size>
         <input_file_ref idref="fl-ce"/>
      </object_component>
      <object_component id="oc-208">
         <name>.stack</name>
         <uninitialized>true</uninitialized>
         <run_address>0x2000fe00</run_address>
         <size>0x0</size>
      </object_component>
      <object_component id="oc-14d">
         <name>.debug_info</name>
         <load_address>0x0</load_address>
         <run_address>0x0</run_address>
         <size>0x78b</size>
         <input_file_ref idref="fl-2"/>
      </object_component>
      <object_component id="oc-f9">
         <name>.debug_info</name>
         <load_address>0x78b</load_address>
         <run_address>0x78b</run_address>
         <size>0x109</size>
         <input_file_ref idref="fl-2"/>
      </object_component>
      <object_component id="oc-98">
         <name>.debug_info</name>
         <load_address>0x894</load_address>
         <run_address>0x894</run_address>
         <size>0x219</size>
         <input_file_ref idref="fl-2"/>
      </object_component>
      <object_component id="oc-b2">
         <name>.debug_info</name>
         <load_address>0xaad</load_address>
         <run_address>0xaad</run_address>
         <size>0x26b</size>
         <input_file_ref idref="fl-2"/>
      </object_component>
      <object_component id="oc-192">
         <name>.debug_info</name>
         <load_address>0xd18</load_address>
         <run_address>0xd18</run_address>
         <size>0x1055</size>
         <input_file_ref idref="fl-2"/>
      </object_component>
      <object_component id="oc-18d">
         <name>.debug_info</name>
         <load_address>0x1d6d</load_address>
         <run_address>0x1d6d</run_address>
         <size>0x37e2</size>
         <input_file_ref idref="fl-2"/>
      </object_component>
      <object_component id="oc-104">
         <name>.debug_info</name>
         <load_address>0x554f</load_address>
         <run_address>0x554f</run_address>
         <size>0x8b</size>
         <input_file_ref idref="fl-2"/>
      </object_component>
      <object_component id="oc-148">
         <name>.debug_info</name>
         <load_address>0x55da</load_address>
         <run_address>0x55da</run_address>
         <size>0x297</size>
         <input_file_ref idref="fl-2"/>
      </object_component>
      <object_component id="oc-156">
         <name>.debug_info</name>
         <load_address>0x5871</load_address>
         <run_address>0x5871</run_address>
         <size>0xef</size>
         <input_file_ref idref="fl-2"/>
      </object_component>
      <object_component id="oc-14f">
         <name>.debug_info</name>
         <load_address>0x5960</load_address>
         <run_address>0x5960</run_address>
         <size>0xbb</size>
         <input_file_ref idref="fl-2"/>
      </object_component>
      <object_component id="oc-ac">
         <name>.debug_info</name>
         <load_address>0x5a1b</load_address>
         <run_address>0x5a1b</run_address>
         <size>0x134</size>
         <input_file_ref idref="fl-3"/>
      </object_component>
      <object_component id="oc-2f">
         <name>.debug_info</name>
         <load_address>0x5b4f</load_address>
         <run_address>0x5b4f</run_address>
         <size>0x84</size>
         <input_file_ref idref="fl-3"/>
      </object_component>
      <object_component id="oc-72">
         <name>.debug_info</name>
         <load_address>0x5bd3</load_address>
         <run_address>0x5bd3</run_address>
         <size>0x2d4</size>
         <input_file_ref idref="fl-4"/>
      </object_component>
      <object_component id="oc-24">
         <name>.debug_info</name>
         <load_address>0x5ea7</load_address>
         <run_address>0x5ea7</run_address>
         <size>0x100</size>
         <input_file_ref idref="fl-4"/>
      </object_component>
      <object_component id="oc-65">
         <name>.debug_info</name>
         <load_address>0x5fa7</load_address>
         <run_address>0x5fa7</run_address>
         <size>0x163</size>
         <input_file_ref idref="fl-4"/>
      </object_component>
      <object_component id="oc-6c">
         <name>.debug_info</name>
         <load_address>0x610a</load_address>
         <run_address>0x610a</run_address>
         <size>0x14b</size>
         <input_file_ref idref="fl-4"/>
      </object_component>
      <object_component id="oc-1d2">
         <name>.debug_info</name>
         <load_address>0x6255</load_address>
         <run_address>0x6255</run_address>
         <size>0x803</size>
         <input_file_ref idref="fl-f"/>
      </object_component>
      <object_component id="oc-d0">
         <name>.debug_info</name>
         <load_address>0x6a58</load_address>
         <run_address>0x6a58</run_address>
         <size>0x299</size>
         <input_file_ref idref="fl-f"/>
      </object_component>
      <object_component id="oc-c8">
         <name>.debug_info</name>
         <load_address>0x6cf1</load_address>
         <run_address>0x6cf1</run_address>
         <size>0x21d</size>
         <input_file_ref idref="fl-f"/>
      </object_component>
      <object_component id="oc-1be">
         <name>.debug_info</name>
         <load_address>0x6f0e</load_address>
         <run_address>0x6f0e</run_address>
         <size>0x431a</size>
         <input_file_ref idref="fl-f"/>
      </object_component>
      <object_component id="oc-1d5">
         <name>.debug_info</name>
         <load_address>0xb228</load_address>
         <run_address>0xb228</run_address>
         <size>0x1b5</size>
         <input_file_ref idref="fl-f"/>
      </object_component>
      <object_component id="oc-199">
         <name>.debug_info</name>
         <load_address>0xb3dd</load_address>
         <run_address>0xb3dd</run_address>
         <size>0x6fd</size>
         <input_file_ref idref="fl-10"/>
      </object_component>
      <object_component id="oc-15d">
         <name>.debug_info</name>
         <load_address>0xbada</load_address>
         <run_address>0xbada</run_address>
         <size>0x131</size>
         <input_file_ref idref="fl-10"/>
      </object_component>
      <object_component id="oc-e3">
         <name>.debug_info</name>
         <load_address>0xbc0b</load_address>
         <run_address>0xbc0b</run_address>
         <size>0x24e</size>
         <input_file_ref idref="fl-10"/>
      </object_component>
      <object_component id="oc-101">
         <name>.debug_info</name>
         <load_address>0xbe59</load_address>
         <run_address>0xbe59</run_address>
         <size>0x256</size>
         <input_file_ref idref="fl-10"/>
      </object_component>
      <object_component id="oc-e9">
         <name>.debug_info</name>
         <load_address>0xc0af</load_address>
         <run_address>0xc0af</run_address>
         <size>0x254</size>
         <input_file_ref idref="fl-10"/>
      </object_component>
      <object_component id="oc-ed">
         <name>.debug_info</name>
         <load_address>0xc303</load_address>
         <run_address>0xc303</run_address>
         <size>0x1d1</size>
         <input_file_ref idref="fl-11"/>
      </object_component>
      <object_component id="oc-db">
         <name>.debug_info</name>
         <load_address>0xc4d4</load_address>
         <run_address>0xc4d4</run_address>
         <size>0x1f9</size>
         <input_file_ref idref="fl-12"/>
      </object_component>
      <object_component id="oc-f4">
         <name>.debug_info</name>
         <load_address>0xc6cd</load_address>
         <run_address>0xc6cd</run_address>
         <size>0x1c7</size>
         <input_file_ref idref="fl-14"/>
      </object_component>
      <object_component id="oc-d7">
         <name>.debug_info</name>
         <load_address>0xc894</load_address>
         <run_address>0xc894</run_address>
         <size>0x241</size>
         <input_file_ref idref="fl-14"/>
      </object_component>
      <object_component id="oc-164">
         <name>.debug_info</name>
         <load_address>0xcad5</load_address>
         <run_address>0xcad5</run_address>
         <size>0x196</size>
         <input_file_ref idref="fl-15"/>
      </object_component>
      <object_component id="oc-27">
         <name>.debug_info</name>
         <load_address>0xcc6b</load_address>
         <run_address>0xcc6b</run_address>
         <size>0x10f</size>
         <input_file_ref idref="fl-ce"/>
      </object_component>
      <object_component id="oc-50">
         <name>.debug_info</name>
         <load_address>0xcd7a</load_address>
         <run_address>0xcd7a</run_address>
         <size>0x1a6</size>
         <input_file_ref idref="fl-ce"/>
      </object_component>
      <object_component id="oc-91">
         <name>.debug_info</name>
         <load_address>0xcf20</load_address>
         <run_address>0xcf20</run_address>
         <size>0x157</size>
         <input_file_ref idref="fl-d2"/>
      </object_component>
      <object_component id="oc-10b">
         <name>.debug_info</name>
         <load_address>0xd077</load_address>
         <run_address>0xd077</run_address>
         <size>0x126</size>
         <input_file_ref idref="fl-d4"/>
      </object_component>
      <object_component id="oc-209">
         <name>.debug_info</name>
         <load_address>0xd19d</load_address>
         <run_address>0xd19d</run_address>
         <size>0xa8</size>
      </object_component>
      <object_component id="oc-18c">
         <name>.debug_line</name>
         <load_address>0x0</load_address>
         <run_address>0x0</run_address>
         <size>0x1e8</size>
         <input_file_ref idref="fl-2"/>
      </object_component>
      <object_component id="oc-f8">
         <name>.debug_line</name>
         <load_address>0x1e8</load_address>
         <run_address>0x1e8</run_address>
         <size>0x4b</size>
         <input_file_ref idref="fl-2"/>
      </object_component>
      <object_component id="oc-97">
         <name>.debug_line</name>
         <load_address>0x233</load_address>
         <run_address>0x233</run_address>
         <size>0x4c</size>
         <input_file_ref idref="fl-2"/>
      </object_component>
      <object_component id="oc-b5">
         <name>.debug_line</name>
         <load_address>0x27f</load_address>
         <run_address>0x27f</run_address>
         <size>0x6f</size>
         <input_file_ref idref="fl-2"/>
      </object_component>
      <object_component id="oc-195">
         <name>.debug_line</name>
         <load_address>0x2ee</load_address>
         <run_address>0x2ee</run_address>
         <size>0x78</size>
         <input_file_ref idref="fl-2"/>
      </object_component>
      <object_component id="oc-190">
         <name>.debug_line</name>
         <load_address>0x366</load_address>
         <run_address>0x366</run_address>
         <size>0x7b</size>
         <input_file_ref idref="fl-2"/>
      </object_component>
      <object_component id="oc-107">
         <name>.debug_line</name>
         <load_address>0x3e1</load_address>
         <run_address>0x3e1</run_address>
         <size>0x20</size>
         <input_file_ref idref="fl-2"/>
      </object_component>
      <object_component id="oc-14b">
         <name>.debug_line</name>
         <load_address>0x401</load_address>
         <run_address>0x401</run_address>
         <size>0x73</size>
         <input_file_ref idref="fl-2"/>
      </object_component>
      <object_component id="oc-159">
         <name>.debug_line</name>
         <load_address>0x474</load_address>
         <run_address>0x474</run_address>
         <size>0x6f</size>
         <input_file_ref idref="fl-2"/>
      </object_component>
      <object_component id="oc-152">
         <name>.debug_line</name>
         <load_address>0x4e3</load_address>
         <run_address>0x4e3</run_address>
         <size>0x70</size>
         <input_file_ref idref="fl-2"/>
      </object_component>
      <object_component id="oc-ab">
         <name>.debug_line</name>
         <load_address>0x553</load_address>
         <run_address>0x553</run_address>
         <size>0x66</size>
         <input_file_ref idref="fl-3"/>
      </object_component>
      <object_component id="oc-32">
         <name>.debug_line</name>
         <load_address>0x5b9</load_address>
         <run_address>0x5b9</run_address>
         <size>0x20</size>
         <input_file_ref idref="fl-3"/>
      </object_component>
      <object_component id="oc-b1">
         <name>.debug_line</name>
         <load_address>0x5d9</load_address>
         <run_address>0x5d9</run_address>
         <size>0x44</size>
         <input_file_ref idref="fl-4"/>
      </object_component>
      <object_component id="oc-71">
         <name>.debug_line</name>
         <load_address>0x61d</load_address>
         <run_address>0x61d</run_address>
         <size>0x44</size>
         <input_file_ref idref="fl-4"/>
      </object_component>
      <object_component id="oc-68">
         <name>.debug_line</name>
         <load_address>0x661</load_address>
         <run_address>0x661</run_address>
         <size>0x5d</size>
         <input_file_ref idref="fl-4"/>
      </object_component>
      <object_component id="oc-6b">
         <name>.debug_line</name>
         <load_address>0x6be</load_address>
         <run_address>0x6be</run_address>
         <size>0x59</size>
         <input_file_ref idref="fl-4"/>
      </object_component>
      <object_component id="oc-1d4">
         <name>.debug_line</name>
         <load_address>0x717</load_address>
         <run_address>0x717</run_address>
         <size>0x8b</size>
         <input_file_ref idref="fl-f"/>
      </object_component>
      <object_component id="oc-ce">
         <name>.debug_line</name>
         <load_address>0x7a2</load_address>
         <run_address>0x7a2</run_address>
         <size>0xe2</size>
         <input_file_ref idref="fl-f"/>
      </object_component>
      <object_component id="oc-cb">
         <name>.debug_line</name>
         <load_address>0x884</load_address>
         <run_address>0x884</run_address>
         <size>0x69</size>
         <input_file_ref idref="fl-f"/>
      </object_component>
      <object_component id="oc-1c1">
         <name>.debug_line</name>
         <load_address>0x8ed</load_address>
         <run_address>0x8ed</run_address>
         <size>0x51</size>
         <input_file_ref idref="fl-f"/>
      </object_component>
      <object_component id="oc-1d8">
         <name>.debug_line</name>
         <load_address>0x93e</load_address>
         <run_address>0x93e</run_address>
         <size>0x55</size>
         <input_file_ref idref="fl-f"/>
      </object_component>
      <object_component id="oc-1bd">
         <name>.debug_line</name>
         <load_address>0x993</load_address>
         <run_address>0x993</run_address>
         <size>0x56</size>
         <input_file_ref idref="fl-10"/>
      </object_component>
      <object_component id="oc-198">
         <name>.debug_line</name>
         <load_address>0x9e9</load_address>
         <run_address>0x9e9</run_address>
         <size>0x51</size>
         <input_file_ref idref="fl-10"/>
      </object_component>
      <object_component id="oc-e1">
         <name>.debug_line</name>
         <load_address>0xa3a</load_address>
         <run_address>0xa3a</run_address>
         <size>0x6e</size>
         <input_file_ref idref="fl-10"/>
      </object_component>
      <object_component id="oc-ff">
         <name>.debug_line</name>
         <load_address>0xaa8</load_address>
         <run_address>0xaa8</run_address>
         <size>0x6c</size>
         <input_file_ref idref="fl-10"/>
      </object_component>
      <object_component id="oc-e8">
         <name>.debug_line</name>
         <load_address>0xb14</load_address>
         <run_address>0xb14</run_address>
         <size>0x6c</size>
         <input_file_ref idref="fl-10"/>
      </object_component>
      <object_component id="oc-f0">
         <name>.debug_line</name>
         <load_address>0xb80</load_address>
         <run_address>0xb80</run_address>
         <size>0x6e</size>
         <input_file_ref idref="fl-11"/>
      </object_component>
      <object_component id="oc-dd">
         <name>.debug_line</name>
         <load_address>0xbee</load_address>
         <run_address>0xbee</run_address>
         <size>0x6f</size>
         <input_file_ref idref="fl-12"/>
      </object_component>
      <object_component id="oc-f6">
         <name>.debug_line</name>
         <load_address>0xc5d</load_address>
         <run_address>0xc5d</run_address>
         <size>0x6a</size>
         <input_file_ref idref="fl-14"/>
      </object_component>
      <object_component id="oc-d6">
         <name>.debug_line</name>
         <load_address>0xcc7</load_address>
         <run_address>0xcc7</run_address>
         <size>0x6a</size>
         <input_file_ref idref="fl-14"/>
      </object_component>
      <object_component id="oc-162">
         <name>.debug_line</name>
         <load_address>0xd31</load_address>
         <run_address>0xd31</run_address>
         <size>0x69</size>
         <input_file_ref idref="fl-15"/>
      </object_component>
      <object_component id="oc-74">
         <name>.debug_line</name>
         <load_address>0xd9a</load_address>
         <run_address>0xd9a</run_address>
         <size>0x33</size>
         <input_file_ref idref="fl-ce"/>
      </object_component>
      <object_component id="oc-4d">
         <name>.debug_line</name>
         <load_address>0xdcd</load_address>
         <run_address>0xdcd</run_address>
         <size>0x48</size>
         <input_file_ref idref="fl-ce"/>
      </object_component>
      <object_component id="oc-95">
         <name>.debug_line</name>
         <load_address>0xe15</load_address>
         <run_address>0xe15</run_address>
         <size>0x40</size>
         <input_file_ref idref="fl-d2"/>
      </object_component>
      <object_component id="oc-10a">
         <name>.debug_line</name>
         <load_address>0xe55</load_address>
         <run_address>0xe55</run_address>
         <size>0x3c</size>
         <input_file_ref idref="fl-d4"/>
      </object_component>
      <object_component id="oc-fc">
         <name>.debug_frame</name>
         <load_address>0x0</load_address>
         <run_address>0x0</run_address>
         <size>0x58</size>
         <input_file_ref idref="fl-2"/>
      </object_component>
      <object_component id="oc-9b">
         <name>.debug_frame</name>
         <load_address>0x58</load_address>
         <run_address>0x58</run_address>
         <size>0x58</size>
         <input_file_ref idref="fl-2"/>
      </object_component>
      <object_component id="oc-aa">
         <name>.debug_frame</name>
         <load_address>0xb0</load_address>
         <run_address>0xb0</run_address>
         <size>0x54</size>
         <input_file_ref idref="fl-3"/>
      </object_component>
      <object_component id="oc-69">
         <name>.debug_frame</name>
         <load_address>0x104</load_address>
         <run_address>0x104</run_address>
         <size>0x58</size>
         <input_file_ref idref="fl-4"/>
      </object_component>
      <object_component id="oc-6f">
         <name>.debug_frame</name>
         <load_address>0x15c</load_address>
         <run_address>0x15c</run_address>
         <size>0x54</size>
         <input_file_ref idref="fl-4"/>
      </object_component>
      <object_component id="oc-cf">
         <name>.debug_frame</name>
         <load_address>0x1b0</load_address>
         <run_address>0x1b0</run_address>
         <size>0x64</size>
         <input_file_ref idref="fl-f"/>
      </object_component>
      <object_component id="oc-cc">
         <name>.debug_frame</name>
         <load_address>0x214</load_address>
         <run_address>0x214</run_address>
         <size>0x58</size>
         <input_file_ref idref="fl-f"/>
      </object_component>
      <object_component id="oc-e2">
         <name>.debug_frame</name>
         <load_address>0x26c</load_address>
         <run_address>0x26c</run_address>
         <size>0x58</size>
         <input_file_ref idref="fl-10"/>
      </object_component>
      <object_component id="oc-100">
         <name>.debug_frame</name>
         <load_address>0x2c4</load_address>
         <run_address>0x2c4</run_address>
         <size>0x58</size>
         <input_file_ref idref="fl-10"/>
      </object_component>
      <object_component id="oc-e7">
         <name>.debug_frame</name>
         <load_address>0x31c</load_address>
         <run_address>0x31c</run_address>
         <size>0x58</size>
         <input_file_ref idref="fl-10"/>
      </object_component>
      <object_component id="oc-ef">
         <name>.debug_frame</name>
         <load_address>0x374</load_address>
         <run_address>0x374</run_address>
         <size>0x58</size>
         <input_file_ref idref="fl-11"/>
      </object_component>
      <object_component id="oc-de">
         <name>.debug_frame</name>
         <load_address>0x3cc</load_address>
         <run_address>0x3cc</run_address>
         <size>0x58</size>
         <input_file_ref idref="fl-12"/>
      </object_component>
      <object_component id="oc-f2">
         <name>.debug_frame</name>
         <load_address>0x424</load_address>
         <run_address>0x424</run_address>
         <size>0x58</size>
         <input_file_ref idref="fl-14"/>
      </object_component>
      <object_component id="oc-d4">
         <name>.debug_frame</name>
         <load_address>0x47c</load_address>
         <run_address>0x47c</run_address>
         <size>0x58</size>
         <input_file_ref idref="fl-14"/>
      </object_component>
      <object_component id="oc-163">
         <name>.debug_frame</name>
         <load_address>0x4d4</load_address>
         <run_address>0x4d4</run_address>
         <size>0x54</size>
         <input_file_ref idref="fl-15"/>
      </object_component>
      <object_component id="oc-4e">
         <name>.debug_frame</name>
         <load_address>0x528</load_address>
         <run_address>0x528</run_address>
         <size>0x50</size>
         <input_file_ref idref="fl-ce"/>
      </object_component>
      <object_component id="oc-94">
         <name>.debug_frame</name>
         <load_address>0x578</load_address>
         <run_address>0x578</run_address>
         <size>0x54</size>
         <input_file_ref idref="fl-d2"/>
      </object_component>
      <object_component id="oc-10e">
         <name>.debug_frame</name>
         <load_address>0x5cc</load_address>
         <run_address>0x5cc</run_address>
         <size>0x54</size>
         <input_file_ref idref="fl-d4"/>
      </object_component>
      <object_component id="oc-18b">
         <name>.debug_abbrev</name>
         <load_address>0x0</load_address>
         <run_address>0x0</run_address>
         <size>0xd7</size>
         <input_file_ref idref="fl-2"/>
      </object_component>
      <object_component id="oc-169">
         <name>.debug_abbrev</name>
         <load_address>0xd7</load_address>
         <run_address>0xd7</run_address>
         <size>0x5e</size>
         <input_file_ref idref="fl-2"/>
      </object_component>
      <object_component id="oc-103">
         <name>.debug_abbrev</name>
         <load_address>0x135</load_address>
         <run_address>0x135</run_address>
         <size>0x63</size>
         <input_file_ref idref="fl-2"/>
      </object_component>
      <object_component id="oc-b4">
         <name>.debug_abbrev</name>
         <load_address>0x198</load_address>
         <run_address>0x198</run_address>
         <size>0x69</size>
         <input_file_ref idref="fl-2"/>
      </object_component>
      <object_component id="oc-194">
         <name>.debug_abbrev</name>
         <load_address>0x201</load_address>
         <run_address>0x201</run_address>
         <size>0x97</size>
         <input_file_ref idref="fl-2"/>
      </object_component>
      <object_component id="oc-18f">
         <name>.debug_abbrev</name>
         <load_address>0x298</load_address>
         <run_address>0x298</run_address>
         <size>0xbd</size>
         <input_file_ref idref="fl-2"/>
      </object_component>
      <object_component id="oc-106">
         <name>.debug_abbrev</name>
         <load_address>0x355</load_address>
         <run_address>0x355</run_address>
         <size>0x1f</size>
         <input_file_ref idref="fl-2"/>
      </object_component>
      <object_component id="oc-14a">
         <name>.debug_abbrev</name>
         <load_address>0x374</load_address>
         <run_address>0x374</run_address>
         <size>0x5c</size>
         <input_file_ref idref="fl-2"/>
      </object_component>
      <object_component id="oc-158">
         <name>.debug_abbrev</name>
         <load_address>0x3d0</load_address>
         <run_address>0x3d0</run_address>
         <size>0x24</size>
         <input_file_ref idref="fl-2"/>
      </object_component>
      <object_component id="oc-151">
         <name>.debug_abbrev</name>
         <load_address>0x3f4</load_address>
         <run_address>0x3f4</run_address>
         <size>0x24</size>
         <input_file_ref idref="fl-2"/>
      </object_component>
      <object_component id="oc-147">
         <name>.debug_abbrev</name>
         <load_address>0x418</load_address>
         <run_address>0x418</run_address>
         <size>0x50</size>
         <input_file_ref idref="fl-3"/>
      </object_component>
      <object_component id="oc-31">
         <name>.debug_abbrev</name>
         <load_address>0x468</load_address>
         <run_address>0x468</run_address>
         <size>0x1f</size>
         <input_file_ref idref="fl-3"/>
      </object_component>
      <object_component id="oc-b0">
         <name>.debug_abbrev</name>
         <load_address>0x487</load_address>
         <run_address>0x487</run_address>
         <size>0x7c</size>
         <input_file_ref idref="fl-4"/>
      </object_component>
      <object_component id="oc-70">
         <name>.debug_abbrev</name>
         <load_address>0x503</load_address>
         <run_address>0x503</run_address>
         <size>0x29</size>
         <input_file_ref idref="fl-4"/>
      </object_component>
      <object_component id="oc-ae">
         <name>.debug_abbrev</name>
         <load_address>0x52c</load_address>
         <run_address>0x52c</run_address>
         <size>0x5e</size>
         <input_file_ref idref="fl-4"/>
      </object_component>
      <object_component id="oc-af">
         <name>.debug_abbrev</name>
         <load_address>0x58a</load_address>
         <run_address>0x58a</run_address>
         <size>0x42</size>
         <input_file_ref idref="fl-4"/>
      </object_component>
      <object_component id="oc-1d3">
         <name>.debug_abbrev</name>
         <load_address>0x5cc</load_address>
         <run_address>0x5cc</run_address>
         <size>0xd1</size>
         <input_file_ref idref="fl-f"/>
      </object_component>
      <object_component id="oc-154">
         <name>.debug_abbrev</name>
         <load_address>0x69d</load_address>
         <run_address>0x69d</run_address>
         <size>0x6c</size>
         <input_file_ref idref="fl-f"/>
      </object_component>
      <object_component id="oc-14e">
         <name>.debug_abbrev</name>
         <load_address>0x709</load_address>
         <run_address>0x709</run_address>
         <size>0x6c</size>
         <input_file_ref idref="fl-f"/>
      </object_component>
      <object_component id="oc-1c0">
         <name>.debug_abbrev</name>
         <load_address>0x775</load_address>
         <run_address>0x775</run_address>
         <size>0xbd</size>
         <input_file_ref idref="fl-f"/>
      </object_component>
      <object_component id="oc-1d7">
         <name>.debug_abbrev</name>
         <load_address>0x832</load_address>
         <run_address>0x832</run_address>
         <size>0x49</size>
         <input_file_ref idref="fl-f"/>
      </object_component>
      <object_component id="oc-1bc">
         <name>.debug_abbrev</name>
         <load_address>0x87b</load_address>
         <run_address>0x87b</run_address>
         <size>0xbb</size>
         <input_file_ref idref="fl-10"/>
      </object_component>
      <object_component id="oc-197">
         <name>.debug_abbrev</name>
         <load_address>0x936</load_address>
         <run_address>0x936</run_address>
         <size>0x27</size>
         <input_file_ref idref="fl-10"/>
      </object_component>
      <object_component id="oc-15f">
         <name>.debug_abbrev</name>
         <load_address>0x95d</load_address>
         <run_address>0x95d</run_address>
         <size>0x6c</size>
         <input_file_ref idref="fl-10"/>
      </object_component>
      <object_component id="oc-16a">
         <name>.debug_abbrev</name>
         <load_address>0x9c9</load_address>
         <run_address>0x9c9</run_address>
         <size>0x6c</size>
         <input_file_ref idref="fl-10"/>
      </object_component>
      <object_component id="oc-160">
         <name>.debug_abbrev</name>
         <load_address>0xa35</load_address>
         <run_address>0xa35</run_address>
         <size>0x6c</size>
         <input_file_ref idref="fl-10"/>
      </object_component>
      <object_component id="oc-167">
         <name>.debug_abbrev</name>
         <load_address>0xaa1</load_address>
         <run_address>0xaa1</run_address>
         <size>0x60</size>
         <input_file_ref idref="fl-11"/>
      </object_component>
      <object_component id="oc-15b">
         <name>.debug_abbrev</name>
         <load_address>0xb01</load_address>
         <run_address>0xb01</run_address>
         <size>0x6c</size>
         <input_file_ref idref="fl-12"/>
      </object_component>
      <object_component id="oc-168">
         <name>.debug_abbrev</name>
         <load_address>0xb6d</load_address>
         <run_address>0xb6d</run_address>
         <size>0x5e</size>
         <input_file_ref idref="fl-14"/>
      </object_component>
      <object_component id="oc-155">
         <name>.debug_abbrev</name>
         <load_address>0xbcb</load_address>
         <run_address>0xbcb</run_address>
         <size>0x6c</size>
         <input_file_ref idref="fl-14"/>
      </object_component>
      <object_component id="oc-19a">
         <name>.debug_abbrev</name>
         <load_address>0xc37</load_address>
         <run_address>0xc37</run_address>
         <size>0x52</size>
         <input_file_ref idref="fl-15"/>
      </object_component>
      <object_component id="oc-73">
         <name>.debug_abbrev</name>
         <load_address>0xc89</load_address>
         <run_address>0xc89</run_address>
         <size>0x29</size>
         <input_file_ref idref="fl-ce"/>
      </object_component>
      <object_component id="oc-9d">
         <name>.debug_abbrev</name>
         <load_address>0xcb2</load_address>
         <run_address>0xcb2</run_address>
         <size>0x55</size>
         <input_file_ref idref="fl-ce"/>
      </object_component>
      <object_component id="oc-c6">
         <name>.debug_abbrev</name>
         <load_address>0xd07</load_address>
         <run_address>0xd07</run_address>
         <size>0x55</size>
         <input_file_ref idref="fl-d2"/>
      </object_component>
      <object_component id="oc-16b">
         <name>.debug_abbrev</name>
         <load_address>0xd5c</load_address>
         <run_address>0xd5c</run_address>
         <size>0x45</size>
         <input_file_ref idref="fl-d4"/>
      </object_component>
      <object_component id="oc-20a">
         <name>.debug_abbrev</name>
         <load_address>0xda1</load_address>
         <run_address>0xda1</run_address>
         <size>0xf</size>
      </object_component>
      <object_component id="oc-b6">
         <name>.debug_str</name>
         <load_address>0x0</load_address>
         <run_address>0x0</run_address>
         <size>0x2b9</size>
         <input_file_ref idref="fl-2"/>
      </object_component>
      <object_component id="oc-196">
         <name>.debug_str</name>
         <load_address>0x2b9</load_address>
         <run_address>0x2b9</run_address>
         <size>0x4ab</size>
         <input_file_ref idref="fl-2"/>
      </object_component>
      <object_component id="oc-191">
         <name>.debug_str</name>
         <load_address>0x764</load_address>
         <run_address>0x764</run_address>
         <size>0x15f5</size>
         <input_file_ref idref="fl-2"/>
      </object_component>
      <object_component id="oc-108">
         <name>.debug_str</name>
         <load_address>0x1d59</load_address>
         <run_address>0x1d59</run_address>
         <size>0xfe</size>
         <input_file_ref idref="fl-2"/>
      </object_component>
      <object_component id="oc-14c">
         <name>.debug_str</name>
         <load_address>0x1e57</load_address>
         <run_address>0x1e57</run_address>
         <size>0x348</size>
         <input_file_ref idref="fl-2"/>
      </object_component>
      <object_component id="oc-15a">
         <name>.debug_str</name>
         <load_address>0x219f</load_address>
         <run_address>0x219f</run_address>
         <size>0x1c4</size>
         <input_file_ref idref="fl-2"/>
      </object_component>
      <object_component id="oc-153">
         <name>.debug_str</name>
         <load_address>0x2363</load_address>
         <run_address>0x2363</run_address>
         <size>0x151</size>
         <input_file_ref idref="fl-2"/>
      </object_component>
      <object_component id="oc-33">
         <name>.debug_str</name>
         <load_address>0x24b4</load_address>
         <run_address>0x24b4</run_address>
         <size>0xfe</size>
         <input_file_ref idref="fl-3"/>
      </object_component>
      <object_component id="oc-1c2">
         <name>.debug_str</name>
         <load_address>0x25b2</load_address>
         <run_address>0x25b2</run_address>
         <size>0x1870</size>
         <input_file_ref idref="fl-f"/>
      </object_component>
      <object_component id="oc-1d9">
         <name>.debug_str</name>
         <load_address>0x3e22</load_address>
         <run_address>0x3e22</run_address>
         <size>0x29e</size>
         <input_file_ref idref="fl-f"/>
      </object_component>
      <object_component id="oc-fb">
         <name>.debug_aranges</name>
         <load_address>0x0</load_address>
         <run_address>0x0</run_address>
         <size>0x20</size>
         <input_file_ref idref="fl-2"/>
      </object_component>
      <object_component id="oc-99">
         <name>.debug_aranges</name>
         <load_address>0x20</load_address>
         <run_address>0x20</run_address>
         <size>0x20</size>
         <input_file_ref idref="fl-2"/>
      </object_component>
      <object_component id="oc-a9">
         <name>.debug_aranges</name>
         <load_address>0x40</load_address>
         <run_address>0x40</run_address>
         <size>0x20</size>
         <input_file_ref idref="fl-3"/>
      </object_component>
      <object_component id="oc-67">
         <name>.debug_aranges</name>
         <load_address>0x60</load_address>
         <run_address>0x60</run_address>
         <size>0x20</size>
         <input_file_ref idref="fl-4"/>
      </object_component>
      <object_component id="oc-6e">
         <name>.debug_aranges</name>
         <load_address>0x80</load_address>
         <run_address>0x80</run_address>
         <size>0x20</size>
         <input_file_ref idref="fl-4"/>
      </object_component>
      <object_component id="oc-d2">
         <name>.debug_aranges</name>
         <load_address>0xa0</load_address>
         <run_address>0xa0</run_address>
         <size>0x20</size>
         <input_file_ref idref="fl-f"/>
      </object_component>
      <object_component id="oc-c9">
         <name>.debug_aranges</name>
         <load_address>0xc0</load_address>
         <run_address>0xc0</run_address>
         <size>0x20</size>
         <input_file_ref idref="fl-f"/>
      </object_component>
      <object_component id="oc-e0">
         <name>.debug_aranges</name>
         <load_address>0xe0</load_address>
         <run_address>0xe0</run_address>
         <size>0x20</size>
         <input_file_ref idref="fl-10"/>
      </object_component>
      <object_component id="oc-fe">
         <name>.debug_aranges</name>
         <load_address>0x100</load_address>
         <run_address>0x100</run_address>
         <size>0x20</size>
         <input_file_ref idref="fl-10"/>
      </object_component>
      <object_component id="oc-e6">
         <name>.debug_aranges</name>
         <load_address>0x120</load_address>
         <run_address>0x120</run_address>
         <size>0x20</size>
         <input_file_ref idref="fl-10"/>
      </object_component>
      <object_component id="oc-ec">
         <name>.debug_aranges</name>
         <load_address>0x140</load_address>
         <run_address>0x140</run_address>
         <size>0x20</size>
         <input_file_ref idref="fl-11"/>
      </object_component>
      <object_component id="oc-da">
         <name>.debug_aranges</name>
         <load_address>0x160</load_address>
         <run_address>0x160</run_address>
         <size>0x20</size>
         <input_file_ref idref="fl-12"/>
      </object_component>
      <object_component id="oc-f3">
         <name>.debug_aranges</name>
         <load_address>0x180</load_address>
         <run_address>0x180</run_address>
         <size>0x20</size>
         <input_file_ref idref="fl-14"/>
      </object_component>
      <object_component id="oc-d5">
         <name>.debug_aranges</name>
         <load_address>0x1a0</load_address>
         <run_address>0x1a0</run_address>
         <size>0x20</size>
         <input_file_ref idref="fl-14"/>
      </object_component>
      <object_component id="oc-165">
         <name>.debug_aranges</name>
         <load_address>0x1c0</load_address>
         <run_address>0x1c0</run_address>
         <size>0x20</size>
         <input_file_ref idref="fl-15"/>
      </object_component>
      <object_component id="oc-4f">
         <name>.debug_aranges</name>
         <load_address>0x1e0</load_address>
         <run_address>0x1e0</run_address>
         <size>0x20</size>
         <input_file_ref idref="fl-ce"/>
      </object_component>
      <object_component id="oc-93">
         <name>.debug_aranges</name>
         <load_address>0x200</load_address>
         <run_address>0x200</run_address>
         <size>0x20</size>
         <input_file_ref idref="fl-d2"/>
      </object_component>
      <object_component id="oc-10c">
         <name>.debug_aranges</name>
         <load_address>0x220</load_address>
         <run_address>0x220</run_address>
         <size>0x20</size>
         <input_file_ref idref="fl-d4"/>
      </object_component>
      <object_component id="oc-fa">
         <name>.debug_pubnames</name>
         <load_address>0x0</load_address>
         <run_address>0x0</run_address>
         <size>0x1c</size>
         <input_file_ref idref="fl-2"/>
      </object_component>
      <object_component id="oc-9a">
         <name>.debug_pubnames</name>
         <load_address>0x1c</load_address>
         <run_address>0x1c</run_address>
         <size>0x1b</size>
         <input_file_ref idref="fl-2"/>
      </object_component>
      <object_component id="oc-ad">
         <name>.debug_pubnames</name>
         <load_address>0x37</load_address>
         <run_address>0x37</run_address>
         <size>0x21</size>
         <input_file_ref idref="fl-3"/>
      </object_component>
      <object_component id="oc-25">
         <name>.debug_pubnames</name>
         <load_address>0x58</load_address>
         <run_address>0x58</run_address>
         <size>0x27</size>
         <input_file_ref idref="fl-4"/>
      </object_component>
      <object_component id="oc-66">
         <name>.debug_pubnames</name>
         <load_address>0x7f</load_address>
         <run_address>0x7f</run_address>
         <size>0x24</size>
         <input_file_ref idref="fl-4"/>
      </object_component>
      <object_component id="oc-6d">
         <name>.debug_pubnames</name>
         <load_address>0xa3</load_address>
         <run_address>0xa3</run_address>
         <size>0x26</size>
         <input_file_ref idref="fl-4"/>
      </object_component>
      <object_component id="oc-d1">
         <name>.debug_pubnames</name>
         <load_address>0xc9</load_address>
         <run_address>0xc9</run_address>
         <size>0x29</size>
         <input_file_ref idref="fl-f"/>
      </object_component>
      <object_component id="oc-ca">
         <name>.debug_pubnames</name>
         <load_address>0xf2</load_address>
         <run_address>0xf2</run_address>
         <size>0x39</size>
         <input_file_ref idref="fl-f"/>
      </object_component>
      <object_component id="oc-15e">
         <name>.debug_pubnames</name>
         <load_address>0x12b</load_address>
         <run_address>0x12b</run_address>
         <size>0x28</size>
         <input_file_ref idref="fl-10"/>
      </object_component>
      <object_component id="oc-e4">
         <name>.debug_pubnames</name>
         <load_address>0x153</load_address>
         <run_address>0x153</run_address>
         <size>0x2a</size>
         <input_file_ref idref="fl-10"/>
      </object_component>
      <object_component id="oc-102">
         <name>.debug_pubnames</name>
         <load_address>0x17d</load_address>
         <run_address>0x17d</run_address>
         <size>0x2e</size>
         <input_file_ref idref="fl-10"/>
      </object_component>
      <object_component id="oc-ea">
         <name>.debug_pubnames</name>
         <load_address>0x1ab</load_address>
         <run_address>0x1ab</run_address>
         <size>0x2d</size>
         <input_file_ref idref="fl-10"/>
      </object_component>
      <object_component id="oc-ee">
         <name>.debug_pubnames</name>
         <load_address>0x1d8</load_address>
         <run_address>0x1d8</run_address>
         <size>0x2d</size>
         <input_file_ref idref="fl-11"/>
      </object_component>
      <object_component id="oc-dc">
         <name>.debug_pubnames</name>
         <load_address>0x205</load_address>
         <run_address>0x205</run_address>
         <size>0x34</size>
         <input_file_ref idref="fl-12"/>
      </object_component>
      <object_component id="oc-f5">
         <name>.debug_pubnames</name>
         <load_address>0x239</load_address>
         <run_address>0x239</run_address>
         <size>0x27</size>
         <input_file_ref idref="fl-14"/>
      </object_component>
      <object_component id="oc-d8">
         <name>.debug_pubnames</name>
         <load_address>0x260</load_address>
         <run_address>0x260</run_address>
         <size>0x2e</size>
         <input_file_ref idref="fl-14"/>
      </object_component>
      <object_component id="oc-166">
         <name>.debug_pubnames</name>
         <load_address>0x28e</load_address>
         <run_address>0x28e</run_address>
         <size>0x20</size>
         <input_file_ref idref="fl-15"/>
      </object_component>
      <object_component id="oc-28">
         <name>.debug_pubnames</name>
         <load_address>0x2ae</load_address>
         <run_address>0x2ae</run_address>
         <size>0x1e</size>
         <input_file_ref idref="fl-ce"/>
      </object_component>
      <object_component id="oc-51">
         <name>.debug_pubnames</name>
         <load_address>0x2cc</load_address>
         <run_address>0x2cc</run_address>
         <size>0x2d</size>
         <input_file_ref idref="fl-ce"/>
      </object_component>
      <object_component id="oc-92">
         <name>.debug_pubnames</name>
         <load_address>0x2f9</load_address>
         <run_address>0x2f9</run_address>
         <size>0x27</size>
         <input_file_ref idref="fl-d2"/>
      </object_component>
      <object_component id="oc-10d">
         <name>.debug_pubnames</name>
         <load_address>0x320</load_address>
         <run_address>0x320</run_address>
         <size>0x1c</size>
         <input_file_ref idref="fl-d4"/>
      </object_component>
      <object_component id="oc-b3">
         <name>.debug_pubtypes</name>
         <load_address>0x0</load_address>
         <run_address>0x0</run_address>
         <size>0x25c</size>
         <input_file_ref idref="fl-2"/>
      </object_component>
      <object_component id="oc-193">
         <name>.debug_pubtypes</name>
         <load_address>0x25c</load_address>
         <run_address>0x25c</run_address>
         <size>0xdd</size>
         <input_file_ref idref="fl-2"/>
      </object_component>
      <object_component id="oc-18e">
         <name>.debug_pubtypes</name>
         <load_address>0x339</load_address>
         <run_address>0x339</run_address>
         <size>0x2ce</size>
         <input_file_ref idref="fl-2"/>
      </object_component>
      <object_component id="oc-105">
         <name>.debug_pubtypes</name>
         <load_address>0x607</load_address>
         <run_address>0x607</run_address>
         <size>0xff</size>
         <input_file_ref idref="fl-2"/>
      </object_component>
      <object_component id="oc-149">
         <name>.debug_pubtypes</name>
         <load_address>0x706</load_address>
         <run_address>0x706</run_address>
         <size>0x325</size>
         <input_file_ref idref="fl-2"/>
      </object_component>
      <object_component id="oc-157">
         <name>.debug_pubtypes</name>
         <load_address>0xa2b</load_address>
         <run_address>0xa2b</run_address>
         <size>0x12e</size>
         <input_file_ref idref="fl-2"/>
      </object_component>
      <object_component id="oc-150">
         <name>.debug_pubtypes</name>
         <load_address>0xb59</load_address>
         <run_address>0xb59</run_address>
         <size>0xaa</size>
         <input_file_ref idref="fl-2"/>
      </object_component>
      <object_component id="oc-30">
         <name>.debug_pubtypes</name>
         <load_address>0xc03</load_address>
         <run_address>0xc03</run_address>
         <size>0xed</size>
         <input_file_ref idref="fl-3"/>
      </object_component>
      <object_component id="oc-1bf">
         <name>.debug_pubtypes</name>
         <load_address>0xcf0</load_address>
         <run_address>0xcf0</run_address>
         <size>0x317</size>
         <input_file_ref idref="fl-f"/>
      </object_component>
      <object_component id="oc-1d6">
         <name>.debug_pubtypes</name>
         <load_address>0x1007</load_address>
         <run_address>0x1007</run_address>
         <size>0x48</size>
         <input_file_ref idref="fl-f"/>
      </object_component>
   </object_component_list>
   <logical_group_list>
      <logical_group id="lg-3" display="no" color="cyan">
         <name>.intvecs</name>
         <load_address>0x0</load_address>
         <run_address>0x0</run_address>
         <size>0xe4</size>
         <contents>
            <object_component_ref idref="oc-23"/>
         </contents>
      </logical_group>
      <logical_group id="lg-4" display="no" color="cyan">
         <name>.text</name>
         <load_address>0xe4</load_address>
         <run_address>0xe4</run_address>
         <size>0x3a8</size>
         <contents>
            <object_component_ref idref="oc-cd"/>
            <object_component_ref idref="oc-a8"/>
            <object_component_ref idref="oc-96"/>
            <object_component_ref idref="oc-df"/>
            <object_component_ref idref="oc-c7"/>
            <object_component_ref idref="oc-4c"/>
            <object_component_ref idref="oc-fd"/>
            <object_component_ref idref="oc-e5"/>
            <object_component_ref idref="oc-d9"/>
            <object_component_ref idref="oc-f1"/>
            <object_component_ref idref="oc-f7"/>
            <object_component_ref idref="oc-6a"/>
            <object_component_ref idref="oc-d3"/>
            <object_component_ref idref="oc-eb"/>
            <object_component_ref idref="oc-161"/>
            <object_component_ref idref="oc-64"/>
            <object_component_ref idref="oc-90"/>
            <object_component_ref idref="oc-109"/>
         </contents>
      </logical_group>
      <logical_group id="lg-5" display="no" color="cyan">
         <name>.const</name>
         <load_address>0x48c</load_address>
         <run_address>0x48c</run_address>
         <size>0x30</size>
         <contents>
            <object_component_ref idref="oc-15c"/>
         </contents>
      </logical_group>
      <logical_group id="lg-6" display="no" color="cyan">
         <name>.cinit</name>
         <run_address>0x0</run_address>
         <size>0x0</size>
         <contents>
         </contents>
      </logical_group>
      <logical_group id="lg-7" display="no" color="cyan">
         <name>.pinit</name>
         <run_address>0x0</run_address>
         <size>0x0</size>
         <contents>
         </contents>
      </logical_group>
      <logical_group id="lg-8" display="no" color="cyan">
         <name>.init_array</name>
         <run_address>0x0</run_address>
         <size>0x0</size>
         <contents>
         </contents>
      </logical_group>
      <logical_group id="lg-9" display="no" color="cyan">
         <name>.binit</name>
         <load_address>0x0</load_address>
         <run_address>0x0</run_address>
         <size>0x0</size>
         <contents>
            <object_component_ref idref="oc-1dc"/>
         </contents>
      </logical_group>
      <logical_group id="lg-a" display="no" color="cyan">
         <name>.flashMailbox</name>
         <run_address>0x0</run_address>
         <size>0x0</size>
         <contents>
         </contents>
      </logical_group>
      <logical_group id="lg-b" display="no" color="cyan">
         <name>.tlvTable</name>
         <run_address>0x0</run_address>
         <size>0x0</size>
         <contents>
         </contents>
      </logical_group>
      <logical_group id="lg-c" display="no" color="cyan">
         <name>.bslArea</name>
         <run_address>0x0</run_address>
         <size>0x0</size>
         <contents>
         </contents>
      </logical_group>
      <logical_group id="lg-d" display="no" color="cyan">
         <name>.vtable</name>
         <run_address>0x0</run_address>
         <size>0x0</size>
         <contents>
         </contents>
      </logical_group>
      <logical_group id="lg-e" display="no" color="cyan">
         <name>.data</name>
         <run_address>0x0</run_address>
         <size>0x0</size>
         <contents>
         </contents>
      </logical_group>
      <logical_group id="lg-f" display="no" color="cyan">
         <name>.bss</name>
         <run_address>0x0</run_address>
         <size>0x0</size>
         <contents>
         </contents>
      </logical_group>
      <logical_group id="lg-10" display="no" color="cyan">
         <name>.sysmem</name>
         <run_address>0x0</run_address>
         <size>0x0</size>
         <contents>
         </contents>
      </logical_group>
      <logical_group id="lg-11" display="no" color="cyan">
         <name>.stack</name>
         <run_address>0x2000fe00</run_address>
         <size>0x200</size>
         <contents>
            <object_component_ref idref="oc-26"/>
            <object_component_ref idref="oc-208"/>
         </contents>
      </logical_group>
      <logical_group id="lg-12" display="no" color="cyan">
         <name>.TI.ramfunc</name>
         <run_address>0x0</run_address>
         <size>0x0</size>
         <contents>
         </contents>
      </logical_group>
      <logical_group id="lg-1da" display="no" color="cyan">
         <name>.TI.noinit</name>
         <run_address>0x0</run_address>
         <size>0x0</size>
         <contents>
         </contents>
      </logical_group>
      <logical_group id="lg-1db" display="no" color="cyan">
         <name>.TI.persistent</name>
         <run_address>0x0</run_address>
         <size>0x0</size>
         <contents>
         </contents>
      </logical_group>
      <logical_group id="lg-1ef" display="never" color="cyan">
         <name>.debug_info</name>
         <load_address>0x0</load_address>
         <run_address>0x0</run_address>
         <size>0xd245</size>
         <contents>
            <object_component_ref idref="oc-14d"/>
            <object_component_ref idref="oc-f9"/>
            <object_component_ref idref="oc-98"/>
            <object_component_ref idref="oc-b2"/>
            <object_component_ref idref="oc-192"/>
            <object_component_ref idref="oc-18d"/>
            <object_component_ref idref="oc-104"/>
            <object_component_ref idref="oc-148"/>
            <object_component_ref idref="oc-156"/>
            <object_component_ref idref="oc-14f"/>
            <object_component_ref idref="oc-ac"/>
            <object_component_ref idref="oc-2f"/>
            <object_component_ref idref="oc-72"/>
            <object_component_ref idref="oc-24"/>
            <object_component_ref idref="oc-65"/>
            <object_component_ref idref="oc-6c"/>
            <object_component_ref idref="oc-1d2"/>
            <object_component_ref idref="oc-d0"/>
            <object_component_ref idref="oc-c8"/>
            <object_component_ref idref="oc-1be"/>
            <object_component_ref idref="oc-1d5"/>
            <object_component_ref idref="oc-199"/>
            <object_component_ref idref="oc-15d"/>
            <object_component_ref idref="oc-e3"/>
            <object_component_ref idref="oc-101"/>
            <object_component_ref idref="oc-e9"/>
            <object_component_ref idref="oc-ed"/>
            <object_component_ref idref="oc-db"/>
            <object_component_ref idref="oc-f4"/>
            <object_component_ref idref="oc-d7"/>
            <object_component_ref idref="oc-164"/>
            <object_component_ref idref="oc-27"/>
            <object_component_ref idref="oc-50"/>
            <object_component_ref idref="oc-91"/>
            <object_component_ref idref="oc-10b"/>
            <object_component_ref idref="oc-209"/>
         </contents>
      </logical_group>
      <logical_group id="lg-1f1" display="never" color="cyan">
         <name>.debug_line</name>
         <load_address>0x0</load_address>
         <run_address>0x0</run_address>
         <size>0xe91</size>
         <contents>
            <object_component_ref idref="oc-18c"/>
            <object_component_ref idref="oc-f8"/>
            <object_component_ref idref="oc-97"/>
            <object_component_ref idref="oc-b5"/>
            <object_component_ref idref="oc-195"/>
            <object_component_ref idref="oc-190"/>
            <object_component_ref idref="oc-107"/>
            <object_component_ref idref="oc-14b"/>
            <object_component_ref idref="oc-159"/>
            <object_component_ref idref="oc-152"/>
            <object_component_ref idref="oc-ab"/>
            <object_component_ref idref="oc-32"/>
            <object_component_ref idref="oc-b1"/>
            <object_component_ref idref="oc-71"/>
            <object_component_ref idref="oc-68"/>
            <object_component_ref idref="oc-6b"/>
            <object_component_ref idref="oc-1d4"/>
            <object_component_ref idref="oc-ce"/>
            <object_component_ref idref="oc-cb"/>
            <object_component_ref idref="oc-1c1"/>
            <object_component_ref idref="oc-1d8"/>
            <object_component_ref idref="oc-1bd"/>
            <object_component_ref idref="oc-198"/>
            <object_component_ref idref="oc-e1"/>
            <object_component_ref idref="oc-ff"/>
            <object_component_ref idref="oc-e8"/>
            <object_component_ref idref="oc-f0"/>
            <object_component_ref idref="oc-dd"/>
            <object_component_ref idref="oc-f6"/>
            <object_component_ref idref="oc-d6"/>
            <object_component_ref idref="oc-162"/>
            <object_component_ref idref="oc-74"/>
            <object_component_ref idref="oc-4d"/>
            <object_component_ref idref="oc-95"/>
            <object_component_ref idref="oc-10a"/>
         </contents>
      </logical_group>
      <logical_group id="lg-1f3" display="never" color="cyan">
         <name>.debug_frame</name>
         <load_address>0x0</load_address>
         <run_address>0x0</run_address>
         <size>0x620</size>
         <contents>
            <object_component_ref idref="oc-fc"/>
            <object_component_ref idref="oc-9b"/>
            <object_component_ref idref="oc-aa"/>
            <object_component_ref idref="oc-69"/>
            <object_component_ref idref="oc-6f"/>
            <object_component_ref idref="oc-cf"/>
            <object_component_ref idref="oc-cc"/>
            <object_component_ref idref="oc-e2"/>
            <object_component_ref idref="oc-100"/>
            <object_component_ref idref="oc-e7"/>
            <object_component_ref idref="oc-ef"/>
            <object_component_ref idref="oc-de"/>
            <object_component_ref idref="oc-f2"/>
            <object_component_ref idref="oc-d4"/>
            <object_component_ref idref="oc-163"/>
            <object_component_ref idref="oc-4e"/>
            <object_component_ref idref="oc-94"/>
            <object_component_ref idref="oc-10e"/>
         </contents>
      </logical_group>
      <logical_group id="lg-1f5" display="never" color="cyan">
         <name>.debug_abbrev</name>
         <load_address>0x0</load_address>
         <run_address>0x0</run_address>
         <size>0xdb0</size>
         <contents>
            <object_component_ref idref="oc-18b"/>
            <object_component_ref idref="oc-169"/>
            <object_component_ref idref="oc-103"/>
            <object_component_ref idref="oc-b4"/>
            <object_component_ref idref="oc-194"/>
            <object_component_ref idref="oc-18f"/>
            <object_component_ref idref="oc-106"/>
            <object_component_ref idref="oc-14a"/>
            <object_component_ref idref="oc-158"/>
            <object_component_ref idref="oc-151"/>
            <object_component_ref idref="oc-147"/>
            <object_component_ref idref="oc-31"/>
            <object_component_ref idref="oc-b0"/>
            <object_component_ref idref="oc-70"/>
            <object_component_ref idref="oc-ae"/>
            <object_component_ref idref="oc-af"/>
            <object_component_ref idref="oc-1d3"/>
            <object_component_ref idref="oc-154"/>
            <object_component_ref idref="oc-14e"/>
            <object_component_ref idref="oc-1c0"/>
            <object_component_ref idref="oc-1d7"/>
            <object_component_ref idref="oc-1bc"/>
            <object_component_ref idref="oc-197"/>
            <object_component_ref idref="oc-15f"/>
            <object_component_ref idref="oc-16a"/>
            <object_component_ref idref="oc-160"/>
            <object_component_ref idref="oc-167"/>
            <object_component_ref idref="oc-15b"/>
            <object_component_ref idref="oc-168"/>
            <object_component_ref idref="oc-155"/>
            <object_component_ref idref="oc-19a"/>
            <object_component_ref idref="oc-73"/>
            <object_component_ref idref="oc-9d"/>
            <object_component_ref idref="oc-c6"/>
            <object_component_ref idref="oc-16b"/>
            <object_component_ref idref="oc-20a"/>
         </contents>
      </logical_group>
      <logical_group id="lg-1f7" display="never" color="cyan">
         <name>.debug_str</name>
         <load_address>0x0</load_address>
         <run_address>0x0</run_address>
         <size>0x40c0</size>
         <contents>
            <object_component_ref idref="oc-b6"/>
            <object_component_ref idref="oc-196"/>
            <object_component_ref idref="oc-191"/>
            <object_component_ref idref="oc-108"/>
            <object_component_ref idref="oc-14c"/>
            <object_component_ref idref="oc-15a"/>
            <object_component_ref idref="oc-153"/>
            <object_component_ref idref="oc-33"/>
            <object_component_ref idref="oc-1c2"/>
            <object_component_ref idref="oc-1d9"/>
         </contents>
      </logical_group>
      <logical_group id="lg-1f9" display="never" color="cyan">
         <name>.debug_aranges</name>
         <load_address>0x0</load_address>
         <run_address>0x0</run_address>
         <size>0x240</size>
         <contents>
            <object_component_ref idref="oc-fb"/>
            <object_component_ref idref="oc-99"/>
            <object_component_ref idref="oc-a9"/>
            <object_component_ref idref="oc-67"/>
            <object_component_ref idref="oc-6e"/>
            <object_component_ref idref="oc-d2"/>
            <object_component_ref idref="oc-c9"/>
            <object_component_ref idref="oc-e0"/>
            <object_component_ref idref="oc-fe"/>
            <object_component_ref idref="oc-e6"/>
            <object_component_ref idref="oc-ec"/>
            <object_component_ref idref="oc-da"/>
            <object_component_ref idref="oc-f3"/>
            <object_component_ref idref="oc-d5"/>
            <object_component_ref idref="oc-165"/>
            <object_component_ref idref="oc-4f"/>
            <object_component_ref idref="oc-93"/>
            <object_component_ref idref="oc-10c"/>
         </contents>
      </logical_group>
      <logical_group id="lg-1fb" display="never" color="cyan">
         <name>.debug_pubnames</name>
         <load_address>0x0</load_address>
         <run_address>0x0</run_address>
         <size>0x33c</size>
         <contents>
            <object_component_ref idref="oc-fa"/>
            <object_component_ref idref="oc-9a"/>
            <object_component_ref idref="oc-ad"/>
            <object_component_ref idref="oc-25"/>
            <object_component_ref idref="oc-66"/>
            <object_component_ref idref="oc-6d"/>
            <object_component_ref idref="oc-d1"/>
            <object_component_ref idref="oc-ca"/>
            <object_component_ref idref="oc-15e"/>
            <object_component_ref idref="oc-e4"/>
            <object_component_ref idref="oc-102"/>
            <object_component_ref idref="oc-ea"/>
            <object_component_ref idref="oc-ee"/>
            <object_component_ref idref="oc-dc"/>
            <object_component_ref idref="oc-f5"/>
            <object_component_ref idref="oc-d8"/>
            <object_component_ref idref="oc-166"/>
            <object_component_ref idref="oc-28"/>
            <object_component_ref idref="oc-51"/>
            <object_component_ref idref="oc-92"/>
            <object_component_ref idref="oc-10d"/>
         </contents>
      </logical_group>
      <logical_group id="lg-1fd" display="never" color="cyan">
         <name>.debug_pubtypes</name>
         <load_address>0x0</load_address>
         <run_address>0x0</run_address>
         <size>0x104f</size>
         <contents>
            <object_component_ref idref="oc-b3"/>
            <object_component_ref idref="oc-193"/>
            <object_component_ref idref="oc-18e"/>
            <object_component_ref idref="oc-105"/>
            <object_component_ref idref="oc-149"/>
            <object_component_ref idref="oc-157"/>
            <object_component_ref idref="oc-150"/>
            <object_component_ref idref="oc-30"/>
            <object_component_ref idref="oc-1bf"/>
            <object_component_ref idref="oc-1d6"/>
         </contents>
      </logical_group>
      <load_segment id="lg-20b" display="no" color="cyan">
         <name>SEGMENT_0</name>
         <load_address>0x0</load_address>
         <run_address>0x0</run_address>
         <size>0x4bc</size>
         <flags>0x5</flags>
         <contents>
            <logical_group_ref idref="lg-3"/>
            <logical_group_ref idref="lg-4"/>
            <logical_group_ref idref="lg-5"/>
         </contents>
      </load_segment>
      <load_segment id="lg-20c" display="no" color="cyan">
         <name>SEGMENT_1</name>
         <run_address>0x2000fe00</run_address>
         <size>0x200</size>
         <flags>0x6</flags>
         <contents>
            <logical_group_ref idref="lg-11"/>
         </contents>
      </load_segment>
   </logical_group_list>
   <placement_map>
      <memory_area display="yes" color="green">
         <name>MAIN</name>
         <page_id>0x0</page_id>
         <origin>0x0</origin>
         <length>0x40000</length>
         <used_space>0x4bc</used_space>
         <unused_space>0x3fb44</unused_space>
         <attributes>RX</attributes>
         <usage_details>
            <allocated_space>
               <start_address>0x0</start_address>
               <size>0x0</size>
               <logical_group_ref idref="lg-9"/>
            </allocated_space>
            <allocated_space>
               <start_address>0x0</start_address>
               <size>0xe4</size>
               <logical_group_ref idref="lg-3"/>
            </allocated_space>
            <allocated_space>
               <start_address>0xe4</start_address>
               <size>0x3a8</size>
               <logical_group_ref idref="lg-4"/>
            </allocated_space>
            <allocated_space>
               <start_address>0x48c</start_address>
               <size>0x30</size>
               <logical_group_ref idref="lg-5"/>
            </allocated_space>
            <available_space>
               <start_address>0x4bc</start_address>
               <size>0x3fb44</size>
            </available_space>
         </usage_details>
      </memory_area>
      <memory_area display="yes" color="green">
         <name>INFO</name>
         <page_id>0x0</page_id>
         <origin>0x200000</origin>
         <length>0x4000</length>
         <used_space>0x0</used_space>
         <unused_space>0x4000</unused_space>
         <attributes>RX</attributes>
         <usage_details>
         </usage_details>
      </memory_area>
      <memory_area display="yes" color="green">
         <name>SRAM_CODE</name>
         <page_id>0x0</page_id>
         <origin>0x1000000</origin>
         <length>0x10000</length>
         <used_space>0x200</used_space>
         <unused_space>0xfe00</unused_space>
         <attributes>RWX</attributes>
         <usage_details>
            <available_space>
               <start_address>0x1000000</start_address>
               <size>0xfe00</size>
            </available_space>
            <allocated_space>
               <start_address>0x100fe00</start_address>
               <size>0x200</size>
               <logical_group_ref idref="lg-11"/>
            </allocated_space>
         </usage_details>
      </memory_area>
      <memory_area display="yes" color="green">
         <name>SRAM_DATA</name>
         <page_id>0x0</page_id>
         <origin>0x20000000</origin>
         <length>0x10000</length>
         <used_space>0x200</used_space>
         <unused_space>0xfe00</unused_space>
         <attributes>RW</attributes>
         <usage_details>
            <available_space>
               <start_address>0x20000000</start_address>
               <size>0xfe00</size>
            </available_space>
            <allocated_space>
               <start_address>0x2000fe00</start_address>
               <size>0x200</size>
               <logical_group_ref idref="lg-11"/>
            </allocated_space>
         </usage_details>
      </memory_area>
   </placement_map>
   <symbol_table>
      <symbol id="sm-1">
         <name>WDTCTL_SYM</name>
         <value>0x4000480c</value>
      </symbol>
      <symbol id="sm-2">
         <name>binit</name>
         <value>0xffffffff</value>
      </symbol>
      <symbol id="sm-3">
         <name>__binit__</name>
         <value>0xffffffff</value>
      </symbol>
      <symbol id="sm-4">
         <name>__STACK_SIZE</name>
         <value>0x200</value>
      </symbol>
      <symbol id="sm-5">
         <name>__STACK_END</name>
         <value>0x20010000</value>
      </symbol>
      <symbol id="sm-6">
         <name>__c_args__</name>
         <value>0xffffffff</value>
      </symbol>
      <symbol id="sm-7">
         <name>__TI_pprof_out_hndl</name>
         <value>0xffffffff</value>
      </symbol>
      <symbol id="sm-8">
         <name>__TI_prof_data_start</name>
         <value>0xffffffff</value>
      </symbol>
      <symbol id="sm-9">
         <name>__TI_prof_data_size</name>
         <value>0xffffffff</value>
      </symbol>
      <symbol id="sm-a">
         <name>__TI_static_base__</name>
         <value>0x0</value>
      </symbol>
      <symbol id="sm-61">
         <name>main</name>
         <value>0x28d</value>
         <object_component_ref idref="oc-96"/>
      </symbol>
      <symbol id="sm-62">
         <name>delay</name>
         <value>0x419</value>
         <object_component_ref idref="oc-f7"/>
      </symbol>
      <symbol id="sm-7a">
         <name>SystemInit</name>
         <value>0x215</value>
         <object_component_ref idref="oc-a8"/>
      </symbol>
      <symbol id="sm-96">
         <name>Reset_Handler</name>
         <value>0x479</value>
         <object_component_ref idref="oc-64"/>
      </symbol>
      <symbol id="sm-97">
         <name>Default_Handler</name>
         <value>0x43b</value>
         <object_component_ref idref="oc-6a"/>
      </symbol>
      <symbol id="sm-98">
         <name>interruptVectors</name>
         <value>0x0</value>
         <object_component_ref idref="oc-23"/>
      </symbol>
      <symbol id="sm-d5">
         <name>CS_setReferenceOscillatorFrequency</name>
         <value>0x321</value>
         <object_component_ref idref="oc-c7"/>
      </symbol>
      <symbol id="sm-d6">
         <name>CS_initClockSignal</name>
         <value>0xe5</value>
         <object_component_ref idref="oc-cd"/>
      </symbol>
      <symbol id="sm-100">
         <name>GPIO_setOutputHighOnPin</name>
         <value>0x37d</value>
         <object_component_ref idref="oc-fd"/>
      </symbol>
      <symbol id="sm-101">
         <name>GPIO_setAsOutputPin</name>
         <value>0x2e1</value>
         <object_component_ref idref="oc-df"/>
      </symbol>
      <symbol id="sm-102">
         <name>GPIO_setOutputLowOnPin</name>
         <value>0x3a5</value>
         <object_component_ref idref="oc-e5"/>
      </symbol>
      <symbol id="sm-10d">
         <name>Interrupt_enableMaster</name>
         <value>0x45d</value>
         <object_component_ref idref="oc-eb"/>
      </symbol>
      <symbol id="sm-11b">
         <name>SysCtl_setWDTTimeoutResetType</name>
         <value>0x3cd</value>
         <object_component_ref idref="oc-d9"/>
      </symbol>
      <symbol id="sm-132">
         <name>WDT_A_initWatchdogTimer</name>
         <value>0x43d</value>
         <object_component_ref idref="oc-d3"/>
      </symbol>
      <symbol id="sm-133">
         <name>WDT_A_startTimer</name>
         <value>0x3f5</value>
         <object_component_ref idref="oc-f1"/>
      </symbol>
      <symbol id="sm-13d">
         <name>CPU_cpsie</name>
         <value>0x46d</value>
         <object_component_ref idref="oc-161"/>
      </symbol>
      <symbol id="sm-152">
         <name>_c_int00_noinit_noargs</name>
         <value>0x351</value>
         <object_component_ref idref="oc-4c"/>
      </symbol>
      <symbol id="sm-153">
         <name>__stack</name>
         <value>0x2000fe00</value>
         <object_component_ref idref="oc-26"/>
      </symbol>
      <symbol id="sm-160">
         <name>_system_pre_init</name>
         <value>0x485</value>
         <object_component_ref idref="oc-90"/>
      </symbol>
      <symbol id="sm-16c">
         <name>C$$EXIT</name>
         <value>0x489</value>
         <object_component_ref idref="oc-109"/>
      </symbol>
      <symbol id="sm-16d">
         <name>abort</name>
         <value>0x489</value>
         <object_component_ref idref="oc-109"/>
      </symbol>
      <symbol id="sm-170">
         <name>__mpu_init</name>
         <value>0x0</value>
      </symbol>
      <symbol id="sm-171">
         <name>NMI_Handler</name>
         <value>0x43b</value>
      </symbol>
      <symbol id="sm-172">
         <name>HardFault_Handler</name>
         <value>0x43b</value>
      </symbol>
      <symbol id="sm-173">
         <name>MemManage_Handler</name>
         <value>0x43b</value>
      </symbol>
      <symbol id="sm-174">
         <name>BusFault_Handler</name>
         <value>0x43b</value>
      </symbol>
      <symbol id="sm-175">
         <name>UsageFault_Handler</name>
         <value>0x43b</value>
      </symbol>
      <symbol id="sm-176">
         <name>SVC_Handler</name>
         <value>0x43b</value>
      </symbol>
      <symbol id="sm-177">
         <name>DebugMon_Handler</name>
         <value>0x43b</value>
      </symbol>
      <symbol id="sm-178">
         <name>PendSV_Handler</name>
         <value>0x43b</value>
      </symbol>
      <symbol id="sm-179">
         <name>SysTick_Handler</name>
         <value>0x43b</value>
      </symbol>
      <symbol id="sm-17a">
         <name>PSS_IRQHandler</name>
         <value>0x43b</value>
      </symbol>
      <symbol id="sm-17b">
         <name>CS_IRQHandler</name>
         <value>0x43b</value>
      </symbol>
      <symbol id="sm-17c">
         <name>PCM_IRQHandler</name>
         <value>0x43b</value>
      </symbol>
      <symbol id="sm-17d">
         <name>WDT_A_IRQHandler</name>
         <value>0x43b</value>
      </symbol>
      <symbol id="sm-17e">
         <name>FPU_IRQHandler</name>
         <value>0x43b</value>
      </symbol>
      <symbol id="sm-17f">
         <name>FLCTL_IRQHandler</name>
         <value>0x43b</value>
      </symbol>
      <symbol id="sm-180">
         <name>COMP_E0_IRQHandler</name>
         <value>0x43b</value>
      </symbol>
      <symbol id="sm-181">
         <name>COMP_E1_IRQHandler</name>
         <value>0x43b</value>
      </symbol>
      <symbol id="sm-182">
         <name>TA0_0_IRQHandler</name>
         <value>0x43b</value>
      </symbol>
      <symbol id="sm-183">
         <name>TA0_N_IRQHandler</name>
         <value>0x43b</value>
      </symbol>
      <symbol id="sm-184">
         <name>TA1_0_IRQHandler</name>
         <value>0x43b</value>
      </symbol>
      <symbol id="sm-185">
         <name>TA1_N_IRQHandler</name>
         <value>0x43b</value>
      </symbol>
      <symbol id="sm-186">
         <name>TA2_0_IRQHandler</name>
         <value>0x43b</value>
      </symbol>
      <symbol id="sm-187">
         <name>TA2_N_IRQHandler</name>
         <value>0x43b</value>
      </symbol>
      <symbol id="sm-188">
         <name>TA3_0_IRQHandler</name>
         <value>0x43b</value>
      </symbol>
      <symbol id="sm-189">
         <name>TA3_N_IRQHandler</name>
         <value>0x43b</value>
      </symbol>
      <symbol id="sm-18a">
         <name>EUSCIA0_IRQHandler</name>
         <value>0x43b</value>
      </symbol>
      <symbol id="sm-18b">
         <name>EUSCIA1_IRQHandler</name>
         <value>0x43b</value>
      </symbol>
      <symbol id="sm-18c">
         <name>EUSCIA2_IRQHandler</name>
         <value>0x43b</value>
      </symbol>
      <symbol id="sm-18d">
         <name>EUSCIA3_IRQHandler</name>
         <value>0x43b</value>
      </symbol>
      <symbol id="sm-18e">
         <name>EUSCIB0_IRQHandler</name>
         <value>0x43b</value>
      </symbol>
      <symbol id="sm-18f">
         <name>EUSCIB1_IRQHandler</name>
         <value>0x43b</value>
      </symbol>
      <symbol id="sm-190">
         <name>EUSCIB2_IRQHandler</name>
         <value>0x43b</value>
      </symbol>
      <symbol id="sm-191">
         <name>EUSCIB3_IRQHandler</name>
         <value>0x43b</value>
      </symbol>
      <symbol id="sm-192">
         <name>ADC14_IRQHandler</name>
         <value>0x43b</value>
      </symbol>
      <symbol id="sm-193">
         <name>T32_INT1_IRQHandler</name>
         <value>0x43b</value>
      </symbol>
      <symbol id="sm-194">
         <name>T32_INT2_IRQHandler</name>
         <value>0x43b</value>
      </symbol>
      <symbol id="sm-195">
         <name>T32_INTC_IRQHandler</name>
         <value>0x43b</value>
      </symbol>
      <symbol id="sm-196">
         <name>AES256_IRQHandler</name>
         <value>0x43b</value>
      </symbol>
      <symbol id="sm-197">
         <name>RTC_C_IRQHandler</name>
         <value>0x43b</value>
      </symbol>
      <symbol id="sm-198">
         <name>DMA_ERR_IRQHandler</name>
         <value>0x43b</value>
      </symbol>
      <symbol id="sm-199">
         <name>DMA_INT3_IRQHandler</name>
         <value>0x43b</value>
      </symbol>
      <symbol id="sm-19a">
         <name>DMA_INT2_IRQHandler</name>
         <value>0x43b</value>
      </symbol>
      <symbol id="sm-19b">
         <name>DMA_INT1_IRQHandler</name>
         <value>0x43b</value>
      </symbol>
      <symbol id="sm-19c">
         <name>DMA_INT0_IRQHandler</name>
         <value>0x43b</value>
      </symbol>
      <symbol id="sm-19d">
         <name>PORT1_IRQHandler</name>
         <value>0x43b</value>
      </symbol>
      <symbol id="sm-19e">
         <name>PORT2_IRQHandler</name>
         <value>0x43b</value>
      </symbol>
      <symbol id="sm-19f">
         <name>PORT3_IRQHandler</name>
         <value>0x43b</value>
      </symbol>
      <symbol id="sm-1a0">
         <name>PORT4_IRQHandler</name>
         <value>0x43b</value>
      </symbol>
      <symbol id="sm-1a1">
         <name>PORT5_IRQHandler</name>
         <value>0x43b</value>
      </symbol>
      <symbol id="sm-1a2">
         <name>PORT6_IRQHandler</name>
         <value>0x43b</value>
      </symbol>
   </symbol_table>
   <title>Link successful</title>
</link_info>
